{
	"start":	{
		"connected":	[{
				"socket":	5,
				"local_host":	"127.0.0.1",
				"local_port":	33536,
				"remote_host":	"127.0.0.1",
				"remote_port":	5201
			}],
		"version":	"iperf 3.16",
		"system_info":	"Linux BLD 6.6.87.2-microsoft-standard-WSL2 #1 SMP PREEMPT_DYNAMIC Thu Jun  5 18:30:46 UTC 2025 x86_64",
		"timestamp":	{
			"time":	"Wed, 22 Apr 2026 01:29:51 GMT",
			"timesecs":	1776821391
		},
		"connecting_to":	{
			"host":	"127.0.0.1",
			"port":	5201
		},
		"cookie":	"o6vujjd6wkemye4fygrq3mblthxe45dmebjm",
		"tcp_mss_default":	32768,
		"target_bitrate":	0,
		"fq_rate":	0,
		"sock_bufsize":	0,
		"sndbuf_actual":	16384,
		"rcvbuf_actual":	131072,
		"test_start":	{
			"protocol":	"TCP",
			"num_streams":	1,
			"blksize":	131072,
			"omit":	0,
			"duration":	10,
			"bytes":	0,
			"blocks":	0,
			"reverse":	0,
			"tos":	0,
			"target_bitrate":	0,
			"bidir":	0,
			"fqrate":	0
		}
	},
	"intervals":	[{
			"streams":	[{
					"socket":	5,
					"start":	0,
					"end":	1.001248,
					"seconds":	1.0012480020523071,
					"bytes":	6583746560,
					"bits_per_second":	52604322177.961678,
					"retransmits":	0,
					"snd_cwnd":	2815769,
					"snd_wnd":	6192128,
					"rtt":	36,
					"rttvar":	3,
					"pmtu":	65535,
					"omitted":	false,
					"sender":	true
				}],
			"sum":	{
				"start":	0,
				"end":	1.001248,
				"seconds":	1.0012480020523071,
				"bytes":	6583746560,
				"bits_per_second":	52604322177.961678,
				"retransmits":	0,
				"omitted":	false,
				"sender":	true
			}
		}, {
			"streams":	[{
					"socket":	5,
					"start":	1.001248,
					"end":	2.001036,
					"seconds":	0.999787986278534,
					"bytes":	6483214336,
					"bits_per_second":	51876713263.036324,
					"retransmits":	0,
					"snd_cwnd":	3274150,
					"snd_wnd":	6192128,
					"rtt":	33,
					"rttvar":	5,
					"pmtu":	65535,
					"omitted":	false,
					"sender":	true
				}],
			"sum":	{
				"start":	1.001248,
				"end":	2.001036,
				"seconds":	0.999787986278534,
				"bytes":	6483214336,
				"bits_per_second":	51876713263.036324,
				"retransmits":	0,
				"omitted":	false,
				"sender":	true
			}
		}, {
			"streams":	[{
					"socket":	5,
					"start":	2.001036,
					"end":	3.000999,
					"seconds":	0.99996298551559448,
					"bytes":	6130761728,
					"bits_per_second":	49047909307.074173,
					"retransmits":	0,
					"snd_cwnd":	3274150,
					"snd_wnd":	6192128,
					"rtt":	41,
					"rttvar":	15,
					"pmtu":	65535,
					"omitted":	false,
					"sender":	true
				}],
			"sum":	{
				"start":	2.001036,
				"end":	3.000999,
				"seconds":	0.99996298551559448,
				"bytes":	6130761728,
				"bits_per_second":	49047909307.074173,
				"retransmits":	0,
				"omitted":	false,
				"sender":	true
			}
		}, {
			"streams":	[{
					"socket":	5,
					"start":	3.000999,
					"end":	4.000973,
					"seconds":	0.999974012374878,
					"bytes":	6457655296,
					"bits_per_second":	51662584955.890671,
					"retransmits":	0,
					"snd_cwnd":	3274150,
					"snd_wnd":	6192128,
					"rtt":	35,
					"rttvar":	3,
					"pmtu":	65535,
					"omitted":	false,
					"sender":	true
				}],
			"sum":	{
				"start":	3.000999,
				"end":	4.000973,
				"seconds":	0.999974012374878,
				"bytes":	6457655296,
				"bits_per_second":	51662584955.890671,
				"retransmits":	0,
				"omitted":	false,
				"sender":	true
			}
		}, {
			"streams":	[{
					"socket":	5,
					"start":	4.000973,
					"end":	5.000794,
					"seconds":	0.9998210072517395,
					"bytes":	6561071104,
					"bits_per_second":	52497965587.138527,
					"retransmits":	0,
					"snd_cwnd":	3274150,
					"snd_wnd":	6192128,
					"rtt":	35,
					"rttvar":	5,
					"pmtu":	65535,
					"omitted":	false,
					"sender":	true
				}],
			"sum":	{
				"start":	4.000973,
				"end":	5.000794,
				"seconds":	0.9998210072517395,
				"bytes":	6561071104,
				"bits_per_second":	52497965587.138527,
				"retransmits":	0,
				"omitted":	false,
				"sender":	true
			}
		}, {
			"streams":	[{
					"socket":	5,
					"start":	5.000794,
					"end":	6.000969,
					"seconds":	1.0001749992370605,
					"bytes":	6661341184,
					"bits_per_second":	53281405266.7288,
					"retransmits":	1,
					"snd_cwnd":	4125429,
					"snd_wnd":	6192128,
					"rtt":	35,
					"rttvar":	7,
					"pmtu":	65535,
					"omitted":	false,
					"sender":	true
				}],
			"sum":	{
				"start":	5.000794,
				"end":	6.000969,
				"seconds":	1.0001749992370605,
				"bytes":	6661341184,
				"bits_per_second":	53281405266.7288,
				"retransmits":	1,
				"omitted":	false,
				"sender":	true
			}
		}, {
			"streams":	[{
					"socket":	5,
					"start":	6.000969,
					"end":	7.000614,
					"seconds":	0.99964499473571777,
					"bytes":	6592004096,
					"bits_per_second":	52754760985.865936,
					"retransmits":	0,
					"snd_cwnd":	4125429,
					"snd_wnd":	6191232,
					"rtt":	38,
					"rttvar":	10,
					"pmtu":	65535,
					"omitted":	false,
					"sender":	true
				}],
			"sum":	{
				"start":	6.000969,
				"end":	7.000614,
				"seconds":	0.99964499473571777,
				"bytes":	6592004096,
				"bits_per_second":	52754760985.865936,
				"retransmits":	0,
				"omitted":	false,
				"sender":	true
			}
		}, {
			"streams":	[{
					"socket":	5,
					"start":	7.000614,
					"end":	8.000871,
					"seconds":	1.0002570152282715,
					"bytes":	6511263744,
					"bits_per_second":	52076725440.52327,
					"retransmits":	0,
					"snd_cwnd":	4518327,
					"snd_wnd":	6192128,
					"rtt":	37,
					"rttvar":	4,
					"pmtu":	65535,
					"omitted":	false,
					"sender":	true
				}],
			"sum":	{
				"start":	7.000614,
				"end":	8.000871,
				"seconds":	1.0002570152282715,
				"bytes":	6511263744,
				"bits_per_second":	52076725440.52327,
				"retransmits":	0,
				"omitted":	false,
				"sender":	true
			}
		}, {
			"streams":	[{
					"socket":	5,
					"start":	8.000871,
					"end":	9.000741,
					"seconds":	0.999870002269745,
					"bytes":	6460276736,
					"bits_per_second":	51688933332.012466,
					"retransmits":	0,
					"snd_cwnd":	4518327,
					"snd_wnd":	6192128,
					"rtt":	54,
					"rttvar":	28,
					"pmtu":	65535,
					"omitted":	false,
					"sender":	true
				}],
			"sum":	{
				"start":	8.000871,
				"end":	9.000741,
				"seconds":	0.999870002269745,
				"bytes":	6460276736,
				"bits_per_second":	51688933332.012466,
				"retransmits":	0,
				"omitted":	false,
				"sender":	true
			}
		}, {
			"streams":	[{
					"socket":	5,
					"start":	9.000741,
					"end":	10.053892,
					"seconds":	1.05315101146698,
					"bytes":	6537216000,
					"bits_per_second":	49658337152.572464,
					"retransmits":	0,
					"snd_cwnd":	4518327,
					"snd_wnd":	6192128,
					"rtt":	30,
					"rttvar":	8,
					"pmtu":	65535,
					"omitted":	false,
					"sender":	true
				}],
			"sum":	{
				"start":	9.000741,
				"end":	10.053892,
				"seconds":	1.05315101146698,
				"bytes":	6537216000,
				"bits_per_second":	49658337152.572464,
				"retransmits":	0,
				"omitted":	false,
				"sender":	true
			}
		}],
	"end":	{
		"streams":	[{
				"sender":	{
					"socket":	5,
					"start":	0,
					"end":	10.053892,
					"seconds":	10.053892,
					"bytes":	65061519360,
					"bits_per_second":	51770215442.934937,
					"retransmits":	1,
					"max_snd_cwnd":	4518327,
					"max_snd_wnd":	6192128,
					"max_rtt":	54,
					"min_rtt":	30,
					"mean_rtt":	37,
					"sender":	true
				},
				"receiver":	{
					"socket":	5,
					"start":	0,
					"end":	10.054026,
					"seconds":	10.053892,
					"bytes":	65061519360,
					"bits_per_second":	51769525449.804886,
					"sender":	true
				}
			}],
		"sum_sent":	{
			"start":	0,
			"end":	10.053892,
			"seconds":	10.053892,
			"bytes":	65061519360,
			"bits_per_second":	51770215442.934937,
			"retransmits":	1,
			"sender":	true
		},
		"sum_received":	{
			"start":	0,
			"end":	10.054026,
			"seconds":	10.054026,
			"bytes":	65061519360,
			"bits_per_second":	51769525449.804886,
			"sender":	true
		},
		"cpu_utilization_percent":	{
			"host_total":	101.3117578243062,
			"host_user":	1.5807488845578126,
			"host_system":	99.731008939748364,