{
	"start":	{
		"connected":	[{
				"socket":	5,
				"local_host":	"127.0.0.1",
				"local_port":	36995,
				"remote_host":	"127.0.0.1",
				"remote_port":	5201
			}],
		"version":	"iperf 3.16",
		"system_info":	"Linux BLD 6.6.87.2-microsoft-standard-WSL2 #1 SMP PREEMPT_DYNAMIC Thu Jun  5 18:30:46 UTC 2025 x86_64",
		"timestamp":	{
			"time":	"Wed, 22 Apr 2026 01:30:01 GMT",
			"timesecs":	1776821401
		},
		"connecting_to":	{
			"host":	"127.0.0.1",
			"port":	5201
		},
		"cookie":	"aoinhh5tjfxqdp2zkcuog7vdi6e3gxbxofts",
		"target_bitrate":	100000000,
		"fq_rate":	0,
		"sock_bufsize":	0,
		"sndbuf_actual":	212992,
		"rcvbuf_actual":	212992,
		"test_start":	{
			"protocol":	"UDP",
			"num_streams":	1,
			"blksize":	32768,
			"omit":	0,
			"duration":	10,
			"bytes":	0,
			"blocks":	0,
			"reverse":	0,
			"tos":	0,
			"target_bitrate":	100000000,
			"bidir":	0,
			"fqrate":	0
		}
	},
	"intervals":	[{
			"streams":	[{
					"socket":	5,
					"start":	0,
					"end":	1.000054,
					"seconds":	1.0000540018081665,
					"bytes":	12517376,
					"bits_per_second":	100133600.60450913,
					"packets":	382,
					"omitted":	false,
					"sender":	true
				}],
			"sum":	{
				"start":	0,
				"end":	1.000054,
				"seconds":	1.0000540018081665,
				"bytes":	12517376,
				"bits_per_second":	100133600.60450913,
				"packets":	382,
				"omitted":	false,
				"sender":	true
			}
		}, {
			"streams":	[{
					"socket":	5,
					"start":	1.000054,
					"end":	2.00005,
					"seconds":	0.9999960064888,
					"bytes":	12484608,
					"bits_per_second":	99877262.86096786,
					"packets":	381,
					"omitted":	false,
					"sender":	true
				}],
			"sum":	{
				"start":	1.000054,
				"end":	2.00005,
				"seconds":	0.9999960064888,
				"bytes":	12484608,
				"bits_per_second":	99877262.86096786,
				"packets":	381,
				"omitted":	false,
				"sender":	true
			}
		}, {
			"streams":	[{
					"socket":	5,
					"start":	2.00005,
					"end":	3.000081,
					"seconds":	1.0000309944152832,
					"bytes":	12517376,
					"bits_per_second":	100135904.34619594,
					"packets":	382,
					"omitted":	false,
					"sender":	true
				}],
			"sum":	{
				"start":	2.00005,
				"end":	3.000081,
				"seconds":	1.0000309944152832,
				"bytes":	12517376,
				"bits_per_second":	100135904.34619594,
				"packets":	382,
				"omitted":	false,
				"sender":	true
			}
		}, {
			"streams":	[{
					"socket":	5,
					"start":	3.000081,
					"end":	4.0001,
					"seconds":	1.0000189542770386,
					"bytes":	12484608,
					"bits_per_second":	99874970.942131549,
					"packets":	381,
					"omitted":	false,
					"sender":	true
				}],
			"sum":	{
				"start":	3.000081,
				"end":	4.0001,
				"seconds":	1.0000189542770386,
				"bytes":	12484608,
				"bits_per_second":	99874970.942131549,
				"packets":	381,
				"omitted":	false,
				"sender":	true
			}
		}, {
			"streams":	[{
					"socket":	5,
					"start":	4.0001,
					"end":	5.000139,
					"seconds":	1.0000389814376831,
					"bytes":	12517376,
					"bits_per_second":	100135104.58966054,
					"packets":	382,
					"omitted":	false,
					"sender":	true
				}],
			"sum":	{
				"start":	4.0001,
				"end":	5.000139,
				"seconds":	1.0000389814376831,
				"bytes":	12517376,
				"bits_per_second":	100135104.58966054,
				"packets":	382,
				"omitted":	false,
				"sender":	true
			}
		}, {
			"streams":	[{
					"socket":	5,
					"start":	5.000139,
					"end":	6.000052,
					"seconds":	0.999912977218628,
					"bytes":	12484608,
					"bits_per_second":	99885556.318929777,
					"packets":	381,
					"omitted":	false,
					"sender":	true
				}],
			"sum":	{
				"start":	5.000139,
				"end":	6.000052,
				"seconds":	0.999912977218628,
				"bytes":	12484608,
				"bits_per_second":	99885556.318929777,
				"packets":	381,
				"omitted":	false,
				"sender":	true
			}
		}, {
			"streams":	[{
					"socket":	5,
					"start":	6.000052,
					"end":	7.000062,
					"seconds":	1.0000100135803223,
					"bytes":	12484608,
					"bits_per_second":	99875863.885014728,
					"packets":	381,
					"omitted":	false,
					"sender":	true
				}],
			"sum":	{
				"start":	6.000052,
				"end":	7.000062,
				"seconds":	1.0000100135803223,
				"bytes":	12484608,
				"bits_per_second":	99875863.885014728,
				"packets":	381,
				"omitted":	false,
				"sender":	true
			}
		}, {
			"streams":	[{
					"socket":	5,
					"start":	7.000062,
					"end":	8.000059,
					"seconds":	0.99999701976776123,
					"bytes":	12517376,
					"bits_per_second":	100139306.43838942,
					"packets":	382,
					"omitted":	false,
					"sender":	true
				}],
			"sum":	{
				"start":	7.000062,
				"end":	8.000059,
				"seconds":	0.99999701976776123,
				"bytes":	12517376,
				"bits_per_second":	100139306.43838942,
				"packets":	382,
				"omitted":	false,
				"sender":	true
			}
		}, {
			"streams":	[{
					"socket":	5,
					"start":	8.000059,
					"end":	9.000056,
					"seconds":	0.99999701976776123,
					"bytes":	12484608,
					"bits_per_second":	99877161.6571371,
					"packets":	381,
					"omitted":	false,
					"sender":	true
				}],
			"sum":	{
				"start":	8.000059,
				"end":	9.000056,
				"seconds":	0.99999701976776123,
				"bytes":	12484608,
				"bits_per_second":	99877161.6571371,
				"packets":	381,
				"omitted":	false,
				"sender":	true
			}
		}, {
			"streams":	[{
					"socket":	5,
					"start":	9.000056,
					"end":	10.000237,
					"seconds":	1.0001809597015381,
					"bytes":	12517376,
					"bits_per_second":	100120890.15360008,
					"packets":	382,
					"omitted":	false,
					"sender":	true
				}],
			"sum":	{
				"start":	9.000056,
				"end":	10.000237,
				"seconds":	1.0001809597015381,
				"bytes":	12517376,
				"bits_per_second":	100120890.15360008,
				"packets":	382,
				"omitted":	false,
				"sender":	true
			}
		}],
	"end":	{
		"streams":	[{
				"udp":	{
					"socket":	5,
					"start":	0,
					"end":	10.000237,
					"seconds":	10.000237,
					"bytes":	125009920,
					"bits_per_second":	100005565.86808893,
					"jitter_ms":	0.019935969717076743,
					"lost_packets":	0,
					"packets":	3815,
					"lost_percent":	0,
					"out_of_order":	0,
					"sender":	true
				}
			}],
		"sum":	{
			"start":	0,
			"end":	10.000391,
			"seconds":	10.000391,
			"bytes":	125009920,
			"bits_per_second":	100005565.86808893,
			"jitter_ms":	0.019935969717076743,
			"lost_packets":	0,
			"packets":	3815,
			"lost_percent":	0,
			"sender":	true
		},
		"sum_sent":	{
			"start":	0,
			"end":	10.000237,
			"seconds":	10.000237,
			"bytes":	125009920,
			"bits_per_second":	100005565.86808893,
			"jitter_ms":	0,
			"lost_packets":	0,
			"packets":	3815,
			"lost_percent":	0,
			"sender":	true
		},
		"sum_received":	{
			"start":	0,
			"end":	10.000391,
			"seconds":	10.000391,
			"bytes":	125009920,
			"bits_per_second":	100004025.84258956,
			"jitter_ms":	0.019935969717076743,
			"lost_packets":	0,
			"packets":	3815,
			"lost_percent":	0,
			"sender":	false
		},
		"cpu_utilization_percent":	{
			"host_total":	103.37003950259486,
			"host_user":	103.37002950345679,
			"host_system":	0,
			"remote_total":	1.4587194631422795,
			"remote_user":	0.0319486741300236,
			"remote_system":	1.4267707890122561
		}
	}
}
